Rewards_1,Rewards_2,Rewards_3,Rewards_4,Rewards_5,Rewards_6,Rewards_7,Rewards_8,Rewards_9,Rewards_10
-1201.2216,-911.5729,-1625.4479,-1185.9197,-1437.2667,-1159.3241,-1204.7374,-1361.8699,-1323.2347,-1174.103
-1408.0873,-1448.4424,-1432.5192,-1171.6229,-1642.0991,-1742.8396,-1360.1648,-1364.6567,-1192.5121,-1258.6133
-1308.0651,-1673.3112,-1057.2424,-1804.249,-1323.4789,-1299.4344,-1380.3258,-1307.8672,-1605.5325,-1486.0925
-1054.1616,-1857.9907,-1159.9553,-1824.474,-1497.4816,-1605.4585,-1317.7361,-1361.9475,-1708.0063,-1344.1294
-1645.9187,-1611.951,-1664.4138,-1615.3855,-1135.1296,-1709.2634,-1671.2366,-1145.9005,-1748.1658,-1331.7659
-1813.5863,-1445.0139,-1405.1184,-1543.0277,-1577.7098,-1449.5645,-1744.7576,-1353.2871,-1759.5415,-1758.0933
-1622.5117,-1426.1373,-1487.7045,-1532.4032,-1691.853,-1719.2697,-1544.3676,-1295.0603,-1675.9784,-1387.9862
-1382.7797,-1440.8049,-1340.0002,-1535.048,-1632.3046,-1745.772,-1336.5762,-1752.9224,-1683.3157,-1247.1918
-1324.9148,-1398.2151,-1363.6431,-1349.7158,-1386.3788,-1533.9028,-1205.5419,-1656.5043,-1530.4069,-1645.1718
-1244.2056,-1370.6367,-1421.7198,-1344.8425,-1299.0848,-1469.6882,-1222.3452,-1719.3219,-1628.5953,-1438.9509
-1318.1913,-1434.7177,-1368.1609,-1497.4741,-1420.5281,-1416.0789,-1253.6787,-1222.2051,-1432.9545,-1478.0499
-1249.3489,-1457.4789,-1491.0149,-1479.1079,-1073.7894,-1183.8816,-1275.477,-1253.1414,-1846.8811,-1166.9758
-1264.082,-1072.0181,-1294.1322,-1179.2872,-1132.725,-1042.6036,-1086.7869,-1000.1722,-1217.4755,-1381.9448
-1049.1298,-1007.42084,-1137.3761,-1313.213,-1378.1532,-1487.4064,-1089.0403,-1110.6848,-1431.4823,-1037.7361
-991.91046,-1157.3079,-1318.6404,-1187.4176,-1099.7224,-1345.3107,-989.9693,-1028.5359,-1266.1626,-1217.4069
-1155.201,-1421.7986,-1164.8246,-1628.6178,-1683.8019,-1144.8375,-976.03326,-1119.9092,-1352.3453,-739.44226
-1035.2314,-1286.1548,-1091.079,-1292.9183,-1273.0142,-1107.2567,-1185.4974,-827.33704,-1100.5133,-1248.0591
-975.90497,-1192.7394,-774.67267,-1024.7913,-1204.5378,-872.8903,-1226.9305,-773.70447,-1160.8376,-886.45996
-1019.74835,-1274.2181,-1708.2609,-955.60443,-1201.1483,-769.9936,-1209.7954,-1371.8158,-1347.4838,-1215.0698
-930.48627,-1016.20435,-1179.923,-1003.4956,-1363.2446,-1134.3746,-916.44635,-894.8113,-1200.596,-914.44617
-884.2213,-1007.9492,-1092.2356,-992.454,-760.4723,-1045.6492,-948.87164,-1208.3136,-1244.8245,-917.40894
-998.5027,-1104.6758,-1181.6088,-1186.2803,-1032.1143,-976.68964,-890.24335,-869.6746,-1240.1078,-981.9964
-1046.0447,-1049.1489,-1076.8081,-963.4251,-894.2499,-1220.8556,-804.88257,-1274.4331,-1206.3992,-937.24414
-1058.0319,-654.04486,-1149.33,-752.5111,-1137.3436,-1225.814,-970.71906,-1733.444,-1211.7524,-787.68445
-1042.2407,-505.6048,-1100.6548,-754.09106,-1124.994,-904.60895,-867.0489,-668.80054,-1284.5631,-1091.0542
-1017.31335,-675.68274,-849.2348,-1025.8075,-769.604,-916.2191,-980.67126,-991.67,-1052.6532,-1328.2697
-1219.0311,-750.86975,-1199.8278,-1015.2296,-899.8386,-915.13196,-1730.6898,-799.85144,-1774.7057,-754.55164
-1084.8567,-762.75946,-1226.14,-1042.3931,-919.4161,-798.2858,-758.9198,-845.3131,-907.0756,-1.9807326
-1029.3807,-883.9332,-867.0365,-812.303,-1017.55176,-1058.7255,-842.91284,-1017.20386,-1082.5746,-1212.6346
-931.08826,-926.3495,-1083.6233,-1010.72375,-1098.3008,-1053.7355,-734.19275,-888.832,-1061.559,-863.20984
-980.93604,-1078.529,-965.2043,-1025.3032,-884.799,-1002.79785,-503.1715,-770.3658,-1187.8569,-496.71194
-897.04785,-1205.1842,-738.6688,-1034.6974,-902.08044,-940.63275,-624.9733,-761.48303,-1880.9614,-1052.8978
-944.4591,-1240.5946,-511.09,-1123.3672,-1094.397,-895.8845,-748.2738,-754.1328,-1132.0118,-858.68744
-1038.8956,-1118.6588,-854.27905,-1008.03516,-1179.802,-897.4557,-897.669,-549.4493,-1152.8177,-976.9851
-997.53033,-925.4354,-730.5368,-1014.2842,-1187.2783,-1002.8862,-622.7474,-860.7907,-1168.7412,-123.93691
-1017.68585,-1075.6462,-1208.4814,-1001.8519,-1733.8691,-959.54816,-507.24115,-756.8164,-1159.1688,-248.07619
-1005.48206,-990.6054,-1254.4773,-1064.8491,-642.9246,-888.314,-752.2208,-1711.126,-1202.409,-127.39302
-1049.797,-892.0145,-1216.3262,-1008.4529,-891.5016,-903.7474,-728.33594,-766.6489,-1917.4221,-733.2158
-1109.2871,-887.3045,-1184.6259,-1040.0569,-772.9506,-1002.742,-622.0184,-1139.617,-1154.3937,-126.77302
-903.4322,-1020.479,-974.8684,-1076.862,-768.5728,-836.05536,-487.70987,-1730.2853,-1037.229,-367.31058
-1137.5931,-1041.8558,-1178.2855,-1737.6292,-1029.9502,-883.8545,-374.01053,-1019.96246,-1245.6687,-125.97779
-1160.1608,-764.52814,-1168.2922,-1062.864,-1142.554,-971.2353,-370.02866,-378.6931,-1152.1569,-0.32877472
-630.4079,-1175.1187,-1181.2223,-1197.2318,-889.2006,-1041.9905,-601.9276,-1579.1765,-1063.3691,-126.66969
-1025.7085,-1067.3549,-1166.6029,-1153.9077,-872.8596,-819.6863,-2.54507,-638.91364,-1225.1577,-486.8928
-677.2452,-1207.0946,-1133.587,-973.2665,-747.75977,-777.5239,-127.42329,-636.90234,-1116.4464,-726.92883
-912.46936,-927.20123,-849.3047,-1059.7001,-639.13184,-788.73,-521.8451,-748.7905,-1123.4695,-485.25983
-1051.6111,-903.93646,-1124.988,-1225.5244,-1736.1868,-801.7784,-120.77766,-704.99976,-1193.9567,-490.15756
-777.1255,-1221.5647,-1194.8104,-1232.6979,-886.5909,-897.29626,-358.09662,-617.8322,-1132.9666,-252.50023
-833.11554,-1026.5787,-611.22845,-1003.6643,-744.9712,-1206.2911,-363.0642,-981.60364,-1041.5026,-125.32911
-764.58765,-1161.7157,-618.70654,-1154.2758,-745.3808,-778.60846,-243.29703,-1100.8723,-1123.795,-608.0046
-896.1378,-1170.1232,-960.3892,-917.2819,-915.8995,-1365.005,-363.22073,-1735.9385,-1166.0841,-753.14886
-872.3554,-1128.9698,-829.6253,-1034.332,-922.7989,-1311.9135,-244.91626,-1129.1956,-1143.8125,-860.38385
-612.1824,-854.5611,-724.1899,-1032.4915,-754.5297,-1336.3502,-245.95622,-758.6954,-1081.3213,-126.27259
-890.91125,-933.4687,-718.7079,-809.8965,-634.07025,-890.982,-486.70474,-1041.3241,-1072.8416,-1082.3134
-689.3001,-1011.9393,-732.75867,-1069.6248,-612.25806,-880.47534,-126.79905,-0.32490295,-1190.6476,-0.6388528
-883.77344,-1047.9658,-754.53424,-1023.24097,-997.95935,-904.46893,-3.0459354,-387.42502,-1035.8607,-365.27252
-634.3469,-931.6792,-890.7057,-941.12537,-905.12933,-773.79987,-241.62868,-1162.2905,-1176.2432,-874.4814
-747.66974,-779.0147,-1535.9955,-1142.4756,-634.8696,-880.86365,-357.6878,-1151.8295,-1161.3075,-486.2195
-1121.1803,-1028.5466,-1023.996,-754.64417,-622.5984,-1456.7943,-492.24503,-1162.1422,-1184.6268,-125.467674
-1709.8031,-771.8186,-909.87555,-1050.1263,-888.5732,-743.2494,-246.10008,-1186.6271,-1078.2628,-125.31086
-631.59796,-863.29395,-887.14246,-883.2905,-508.3869,-880.44666,-3.7473145,-1196.6492,-1138.9397,-608.52686
-627.1095,-493.56345,-885.2982,-882.2111,-501.08075,-867.55646,-245.98601,-1084.8282,-1062.9161,-735.63184
-505.85767,-877.71985,-955.1873,-1046.7306,-504.22522,-780.01074,-615.50525,-1081.069,-1140.6755,-601.28156
-504.7631,-626.93854,-770.50696,-1067.0496,-633.04114,-833.6608,-249.84206,-1027.6914,-1112.9451,-0.9079477
-497.93933,-125.145775,-767.9837,-1032.8097,-1440.7704,-768.9644,-243.97598,-124.99502,-1323.5332,-125.9221
-499.199,-249.0282,-632.1322,-1090.9769,-687.3719,-766.58374,-127.063324,-1062.933,-1053.1772,-123.557556
-507.1721,-498.36148,-489.33832,-1002.9418,-121.42932,-762.8674,-620.6721,-1180.6785,-1052.9482,-249.81747
-618.46436,-124.42653,-736.38385,-908.68353,-120.231285,-774.7882,-122.138756,-509.47247,-1144.533,-1.2597604
-372.17313,-245.96747,-937.73474,-957.0532,-1.1688166,-862.0947,-505.27625,-1208.867,-1071.6943,-990.78235
-499.9698,-491.39352,-741.0999,-1123.671,-245.58696,-990.3355,-243.22879,-631.3874,-1033.4955,-368.45966
-508.95337,-126.72149,-580.5306,-1012.78577,-250.70743,-906.1266,-3.458815,-1161.5248,-1897.505,-125.374435
-127.956635,-777.3788,-1283.7458,-911.6347,-1.1564727,-1006.8843,-362.2474,-361.21603,-1898.5104,-125.302826
-247.70636,-736.04144,-489.2845,-1129.728,-123.6698,-888.1624,-651.5733,-125.88731,-1125.8862,-122.96837
-124.27853,-127.60702,-842.43176,-1048.878,-370.1081,-908.79803,-649.1449,-368.67102,-1121.0148,-245.97348
-122.51809,-1.0620384,-837.2037,-911.3022,-122.852425,-963.0115,-126.385284,-120.43401,-1435.6667,-124.643654
-367.4816,-123.592606,-491.08902,-1049.4762,-365.18777,-881.99585,-119.712036,-245.15253,-1079.6069,-1.1615245
-372.2654,-505.83688,-494.78854,-1016.48975,-625.58136,-946.8243,-124.471664,-681.6865,-897.65674,-238.93806
-698.4721,-242.52493,-612.892,-776.78827,-610.82776,-1071.27,-243.94287,-125.87091,-965.5102,-120.664314
-479.43106,-364.61853,-377.47897,-1032.153,-235.78401,-501.13434,-362.5636,-1063.919,-889.41754,-244.79646
-239.61856,-499.50604,-872.3626,-1050.6667,-362.3857,-637.87836,-243.22205,-1029.6707,-808.639,-902.96783
-241.13922,-127.27042,-629.2079,-889.77893,-117.46027,-900.5063,-493.38846,-1025.3552,-1123.2754,-125.98056
-360.3335,-123.58759,-371.97226,-1165.0786,-1084.103,-387.8021,-123.40151,-125.43841,-1220.7189,-481.03268
-127.05053,-123.046005,-375.71616,-1203.146,-900.76135,-1045.6952,-497.67587,-1038.7627,-958.9534,-124.508766
-481.11276,-485.6239,-613.15717,-1014.67645,-127.35435,-885.927,-120.56056,-666.96466,-752.4472,-473.64944
-125.585,-1.9847245,-373.53046,-859.7665,-369.11014,-679.09485,-360.8015,-124.3228,-1109.1921,-241.37674
-609.18,-482.70587,-252.36292,-761.4148,-126.288734,-777.7271,-491.31335,-890.9645,-1014.0279,-360.68124
-124.11354,-489.68716,-489.3853,-1135.0731,-244.72618,-842.7396,-121.76633,-498.55075,-1029.5822,-125.58242
-0.34228465,-124.61805,-490.64474,-1034.236,-371.79547,-670.0343,-247.32208,-987.9917,-1089.467,-124.464165
-376.04803,-373.50192,-714.15717,-1038.8959,-124.04055,-508.74515,-506.58267,-1016.2122,-882.42896,-986.98663
-0.4061761,-364.1533,-779.2821,-919.2137,-501.79977,-1006.2838,-1.6753343,-540.1244,-1002.2411,-924.5213
-477.08405,-123.887215,-251.59221,-1036.3925,-710.0543,-969.5925,-125.56902,-993.6896,-1238.4724,-125.00352
-626.2744,-521.2884,-628.8792,-1036.0735,-723.93884,-1082.2848,-248.3309,-122.8877,-1129.3025,-602.8633
-121.80752,-241.1801,-364.96066,-1042.3989,-248.55539,-362.02097,-1304.3074,-484.53024,-1064.5834,-128.58499
-127.443665,-366.94943,-364.2711,-1054.427,-367.15836,-125.368744,-647.14984,-1061.0676,-876.7331,-362.752
-618.2906,-124.67546,-367.8215,-1028.742,-249.64279,-952.531,-241.99268,-992.464,-775.71875,-241.82735
-490.18393,-126.98052,-369.81348,-899.20764,-126.268684,-768.41266,-377.4276,-646.2398,-977.3024,-238.05049
-501.11752,-238.24384,-123.6783,-775.1051,-664.78564,-613.04474,-1.5479804,-634.26996,-1001.5816,-126.43655
-240.82985,-126.20599,-244.96983,-1129.2631,-243.69167,-879.30975,-127.886505,-940.48224,-863.37756,-244.24101
-124.66784,-124.66851,-628.5916,-906.0787,-0.17384915,-126.78546,-510.91946,-126.092636,-1011.44037,-618.824
-245.59454,-128.12347,-602.8823,-924.81525,-767.1741,-368.82495,-367.90887,-529.24133,-1072.0905,-124.45478
-373.9072,-126.33631,-721.2029,-902.06696,-372.27408,-0.4174666,-372.02304,-366.77045,-1095.8616,-123.628555
-237.99252,-371.83456,-485.9696,-973.453,-373.485,-896.96014,-1.1070842,-126.67669,-916.4416,-244.03844
-358.3797,-361.17395,-513.2471,-888.56573,-126.59607,-1000.15027,-375.24533,-0.44860044,-866.8194,-123.591324
-250.51605,-125.44522,-618.8213,-1009.128,-246.72209,-486.47797,-122.91078,-240.83174,-1038.5168,-629.0978
-125.298325,-125.0652,-243.14406,-904.5177,-122.90695,-0.29014271,-121.528,-246.18657,-806.0205,-244.30359
-239.63727,-119.12723,-250.94919,-901.4251,-121.95718,-980.3661,-367.79086,-638.8755,-980.81506,-124.84854
-626.7388,-485.63718,-123.40749,-1039.6725,-121.226494,-122.17876,-246.18489,-762.778,-766.5956,-125.60642
-616.4887,-123.254005,-488.8387,-937.1496,-363.1706,-1024.7222,-476.08432,-503.6097,-727.47473,-618.488
-246.25432,-123.61339,-364.9941,-1170.6638,-119.292206,-668.85516,-125.14689,-126.56747,-1005.2332,-355.81165
-246.96852,-244.39828,-125.22453,-792.3739,-126.29901,-888.7469,-370.61404,-123.493614,-911.3134,-122.41168
-121.13598,-648.6924,-694.6337,-1055.463,-118.94006,-248.1127,-123.47022,-121.73932,-768.19415,-124.86778
-633.5072,-364.15424,-363.57263,-873.89606,-123.49476,-358.30725,-1582.7114,-126.018394,-1012.0993,-125.301506
-0.8913716,-125.98978,-247.3028,-934.0608,-117.2844,-773.9695,-236.35469,-241.2371,-630.41974,-124.140076
-120.44732,-122.15701,-245.08235,-1026.7045,-122.48925,-357.92316,-124.981224,-123.85911,-735.34753,-241.97415
-240.93956,-243.33525,-242.43666,-922.81793,-352.95898,-0.27728897,-126.16,-121.60512,-874.83466,-520.2713
-127.41124,-369.87146,-245.34926,-1147.3026,-241.23428,-365.40002,-365.24185,-493.37552,-1008.29626,-256.0668
-122.48759,-0.4158555,-569.6352,-1037.5603,-233.52658,-727.3166,-499.446,-125.12787,-498.53418,-121.96605
-365.73694,-0.4218733,-123.27438,-986.50836,-1.5008141,-1013.85345,-121.56035,-125.33867,-995.07434,-122.47837
-128.17697,-645.25854,-125.63213,-1033.9064,-241.14737,-500.89606,-594.2085,-362.88586,-965.64685,-368.18442
-474.36325,-486.08072,-612.755,-1041.0702,-358.4027,-242.67003,-120.50081,-238.7617,-485.66696,-121.71899
-618.45734,-371.1147,-364.74884,-769.4748,-352.84604,-243.0769,-239.18752,-486.1528,-850.89294,-126.963615
-125.57818,-0.462736,-365.42755,-900.99493,-242.57368,-486.48343,-128.41237,-506.65182,-1036.2474,-352.0814
-242.76259,-126.500946,-119.81534,-1006.83734,-122.797356,-1005.65894,-492.3762,-240.51704,-617.8741,-128.67787
-602.60004,-245.16302,-485.92532,-994.51666,-127.34967,-887.56793,-127.39032,-488.78622,-729.2178,-120.90217
-250.4807,-246.49165,-362.1677,-1065.5193,-1.0549142,-243.2335,-124.389465,-241.38496,-1052.5262,-244.98544
-120.71142,-369.1916,-126.766426,-1052.839,-124.52697,-358.69995,-238.34264,-593.94116,-723.4898,-234.3201
-123.95614,-122.9262,-1251.7908,-983.30457,-123.06794,-124.70529,-126.17461,-122.46818,-1046.3025,-127.644646
-126.5852,-360.83823,-361.55484,-907.7989,-477.66617,-124.31511,-360.31628,-563.65204,-736.903,-349.81726
-373.1895,-509.10327,-491.90698,-1044.8851,-126.15563,-125.95096,-126.772255,-243.87312,-380.67673,-125.733505
-507.93903,-119.80285,-516.25854,-1044.0258,-125.44946,-246.83946,-238.10878,-0.4795078,-378.07098,-598.8828
-640.528,-122.42945,-521.3892,-1171.3474,-350.76974,-123.42867,-612.5932,-236.41211,-604.5944,-125.11347
-245.13724,-126.413925,-498.82,-1000.7809,-0.58536786,-122.659935,-479.9094,-121.16292,-1003.53516,-129.09836
-241.71577,-361.83807,-381.2343,-1043.6041,-0.41830152,-125.60008,-123.98243,-243.37027,-1082.6854,-1082.5417
-605.50336,-370.1181,-251.56027,-760.00226,-356.90204,-367.56647,-237.19249,-240.89975,-367.84335,-123.66042
-478.4275,-356.35223,-506.56125,-941.6267,-119.29021,-250.28932,-125.183464,-244.14975,-1195.3021,-2.5292308
-606.38446,-0.46756,-124.06142,-911.48645,-675.124,-481.58386,-741.313,-518.89526,-126.66348,-2.479903
-476.17566,-484.15765,-1.7973218,-751.1099,-471.17416,-778.34674,-351.49957,-240.32281,-125.37983,-526.8947
-643.16437,-499.37915,-122.42046,-783.9412,-488.96106,-1062.7792,-124.51215,-125.89096,-1051.6155,-242.15158
-121.13456,-659.6697,-1.9360019,-1029.5844,-239.77849,-242.627,-122.1248,-125.80912,-1044.8287,-127.73609
-359.72568,-0.77114207,-248.56955,-949.2296,-238.30759,-1008.7405,-357.5667,-126.352455,-355.15985,-265.39465
-126.99721,-241.29378,-498.1771,-1728.0957,-366.9486,-1043.6726,-121.68876,-0.29546818,-125.022644,-125.221214
-243.01556,-126.54395,-126.94734,-1059.5151,-123.07391,-484.4289,-237.35205,-244.11157,-1130.8225,-364.3876
-492.14743,-481.37152,-128.44083,-878.936,-122.718956,-121.974815,-122.90454,-469.3367,-620.3274,-126.21915
-126.13472,-123.591896,-244.06766,-905.21265,-126.59179,-249.20207,-576.2644,-124.91682,-1053.9985,-123.104965
-120.86896,-519.85583,-128.97018,-247.66289,-122.566986,-487.43692,-239.63809,-461.5589,-244.74817,-238.99568
-1.427095,-243.6156,-128.00635,-246.79305,-117.85653,-620.6888,-121.39519,-125.68914,-1135.0873,-474.42374
-240.63559,-121.237976,-124.713394,-124.854645,-125.97404,-126.836,-497.7965,-121.33118,-476.45816,-125.69008
-505.44574,-537.90076,-497.52722,-1129.9661,-360.733,-125.822235,-242.22624,-125.907845,-720.47125,-127.65363
-241.16054,-125.86289,-1032.7676,-1043.5302,-499.20862,-247.73389,-626.8255,-0.4992498,-1275.497,-481.10666
-122.71581,-125.36133,-560.9162,-121.2422,-124.03627,-124.964935,-246.81937,-125.18931,-124.1553,-487.84668
-124.16445,-573.2411,-122.93276,-508.4352,-126.26452,-248.04759,-127.81633,-122.73727,-1190.8806,-121.94802
-123.06264,-371.66577,-498.5772,-998.533,-362.05106,-122.245186,-374.28677,-240.80098,-125.310585,-128.30876
-237.45868,-125.961426,-373.47974,-911.14105,-126.86261,-124.68217,-355.3146,-237.20673,-241.3927,-248.5389
-124.74626,-363.76437,-252.68645,-123.82724,-121.44204,-906.2846,-123.836845,-251.25703,-495.64832,-489.296
-125.40028,-122.91379,-364.76205,-1072.4027,-124.72712,-495.19186,-126.2344,-365.92908,-1164.9565,-370.32492
-124.718056,-527.10803,-0.8961367,-1066.688,-122.58576,-123.55152,-642.18134,-355.10016,-122.23377,-128.27756
-602.04083,-367.67987,-0.85165685,-361.45294,-866.0182,-244.84969,-235.10353,-479.81903,-501.83377,-362.72394
-126.10876,-123.672806,-249.4785,-364.95358,-124.98317,-0.16633525,-124.49246,-682.5616,-127.17821,-383.26367
-244.30818,-503.4194,-644.9243,-1028.9656,-236.18707,-1070.6355,-768.54175,-239.74689,-242.64232,-127.37594
-122.40846,-618.9608,-616.60846,-363.26865,-357.38605,-256.7383,-121.376686,-238.8363,-510.42514,-3.4623697
-126.355194,-242.41592,-127.203545,-1030.2246,-124.65339,-360.95947,-576.36115,-126.02686,-1049.5773,-124.46971
-122.343445,-125.35745,-491.8202,-513.24457,-0.28551826,-359.38458,-236.99362,-0.5305909,-1095.0419,-246.54866
-117.94514,-364.00015,-629.38855,-1013.84033,-124.180504,-1036.004,-125.27428,-240.50389,-239.38333,-365.26733
-0.95099413,-121.52469,-0.58174247,-1011.74615,-122.08278,-365.4748,-364.48544,-676.3757,-1.4473174,-240.1341
-355.51874,-122.7531,-250.65681,-125.75612,-369.44647,-360.0677,-490.26367,-500.36127,-122.59716,-124.194244
-122.32519,-120.93751,-123.33908,-0.31878102,-234.06322,-125.96877,-124.271,-362.83853,-239.39972,-374.8107
-238.14064,-235.09782,-370.99356,-1038.4585,-233.32547,-0.6337698,-242.4087,-118.20236,-240.30388,-237.64465
-491.53152,-125.86473,-919.30475,-370.34067,-477.56277,-1039.878,-122.83049,-119.20428,-126.924866,-126.55209
-119.69003,-120.75125,-745.70776,-0.59240496,-529.3154,-126.4732,-125.03995,-352.2985,-478.59088,-244.71263
-125.765205,-235.14433,-251.16396,-0.8428699,-357.18283,-0.16061564,-123.434875,-1199.4393,-126.75577,-245.03096
-124.494705,-246.63683,-247.03098,-364.6434,-123.19622,-241.95174,-237.45445,-0.21029472,-368.23544,-617.696
-122.75709,-370.94614,-360.39874,-126.705376,-126.502335,-125.146,-122.11413,-0.26945066,-478.4071,-611.5502
-126.148,-237.36993,-250.35968,-1067.5687,-601.59686,-122.08368,-241.12401,-600.7065,-362.0973,-4.3209186
-501.1018,-241.5065,-744.512,-1052.0717,-246.72693,-247.46045,-0.45915374,-119.06107,-966.43353,-238.03629
-494.52148,-364.11038,-1187.512,-377.505,-122.45542,-909.68353,-123.63205,-121.11255,-125.702446,-130.0812
-607.5782,-124.96001,-1.0088125,-124.556046,-349.53903,-122.45328,-238.87329,-356.75888,-123.933426,-125.16122
-0.7698415,-125.78724,-628.70905,-364.93246,-125.89234,-245.88574,-242.19669,-245.90222,-499.98676,-127.69789
-1.0891653,-121.56177,-386.2622,-1023.3578,-125.77719,-473.0089,-123.90254,-125.52356,-352.9807,-124.37538
-478.85632,-124.35013,-370.50735,-123.94291,-244.34361,-995.5285,-519.3687,-123.25323,-499.86212,-494.4987
-600.21014,-125.4977,-725.62054,-935.266,-121.704865,-125.547646,-626.3136,-119.69141,-997.3015,-125.81088
-119.5322,-480.7157,-243.89948,-125.40437,-119.121346,-893.8714,-123.27966,-362.4956,-241.73082,-247.85547
-1.5264558,-243.05548,-367.24985,-124.44148,-479.83713,-246.83238,-233.47035,-1.7034135,-485.9082,-489.8227
-237.78828,-123.68653,-615.1066,-370.23077,-127.52974,-125.533165,-365.5261,-123.36595,-479.31396,-241.92998
-254.24818,-236.54823,-643.12933,-0.49099204,-360.06824,-123.9368,-366.03427,-118.41059,-124.87376,-487.54504
-121.741264,-238.68752,-255.84764,-573.932,-123.97814,-868.4206,-124.31754,-596.11053,-2.0505133,-238.9358
-600.1405,-631.83655,-234.71521,-124.136475,-239.04573,-241.0521,-473.98187,-244.709,-1.523283,-125.29347
-349.26678,-242.03955,-243.28038,-1132.7964,-243.76291,-0.679473,-124.19151,-126.293465,-119.94173,-4.3834243
-544.9627,-1119.9836,-0.7816733,-235.22517,-232.68088,-615.6699,-240.75465,-364.4419,-501.3494,-122.922905
-377.4485,-123.87592,-1196.6023,-1022.6182,-120.17815,-901.7357,-124.24422,-127.42122,-124.39198,-130.35672
-351.10367,-120.91032,-245.17302,-126.7589,-350.53497,-477.6451,-1.1740246,-243.15292,-243.45132,-552.5396
-470.77618,-354.39056,-1261.9973,-0.39247084,-509.04898,-468.1837,-121.80309,-242.57362,-481.05243,-122.90932
-233.0026,-122.20767,-1185.5999,-1040.9731,-235.03082,-363.94733,-122.57327,-657.40607,-244.82259,-122.43057
-691.15265,-241.68925,-239.06357,-122.58329,-124.63984,-359.8041,-123.67743,-127.208664,-125.336876,-126.71021
-122.13008,-126.19519,-236.04501,-662.6382,-120.57464,-487.7164,-1.4529048,-237.52234,-363.01663,-359.695
-1.3054485,-356.13684,-123.403946,-122.55221,-122.91268,-599.2434,-239.47243,-236.45312,-620.1276,-122.54341
-236.80632,-124.59539,-1320.1627,-125.91859,-125.779305,-0.82822543,-0.8371026,-525.51685,-237.6204,-128.99063
-121.07528,-0.20970246,-474.55118,-367.49377,-234.21982,-706.31714,-123.15709,-481.7646,-806.5307,-237.76282
-124.456535,-236.74332,-375.46466,-0.46102503,-238.4786,-242.96257,-533.8019,-122.404564,-903.63873,-129.99666
-252.27452,-121.786194,-124.935425,-124.16935,-239.68541,-126.34238,-234.37837,-484.89487,-122.353615,-236.58838
-123.38216,-529.1774,-1300.6987,-247.15938,-538.7647,-125.74262,-119.27836,-119.31496,-244.51488,-234.87639
-365.8685,-239.64699,-1360.0597,-242.96439,-125.27947,-1.4625949,-493.03156,-237.9448,-900.2913,-128.14967
-234.91495,-123.44625,-125.122055,-898.92426,-232.76593,-0.32547668,-121.00777,-242.04262,-123.71394,-244.90627
-125.96336,-124.779434,-498.33655,-889.3782,-240.56543,-123.672646,-495.8245,-367.7403,-242.05504,-121.79239
-124.55433,-0.44321358,-364.58807,-126.08062,-123.816635,-0.658641,-241.95284,-247.91826,-121.063545,-124.86273
-256.6763,-248.25854,-353.006,-122.93047,-242.33011,-123.731316,-242.23587,-370.3524,-345.84122,-357.62106
-123.98201,-604.4502,-238.7111,-125.22188,-123.01018,-126.37005,-0.4369855,-358.70868,-481.49704,-241.17006
-122.83054,-603.0287,-352.29242,-246.51709,-124.89685,-362.8409,-493.40344,-120.87905,-355.299,-129.59052
-239.37584,-564.7855,-236.2571,-369.07202,-233.46013,-514.5417,-124.516884,-124.87227,-233.1143,-125.06563
-241.05748,-0.72885865,-122.45724,-761.5899,-125.913155,-123.50344,-122.496506,-123.13485,-470.003,-598.57715
-121.379295,-0.30438352,-125.71951,-754.27844,-240.40198,-126.66046,-373.27942,-122.49891,-529.98303,-365.17572
-120.93179,-117.75737,-241.22186,-374.85986,-241.02763,-0.8836683,-1.3210152,-0.62534714,-0.6945342,-4.1823163
-119.229935,-122.653625,-242.3274,-0.65405697,-121.1675,-126.77052,-650.98126,-126.28391,-824.0769,-246.59381
-364.02542,-372.4374,-476.4463,-122.414314,-237.29634,-475.9861,-121.25565,-119.40055,-357.9163,-3.911487
-120.48764,-126.065865,-508.127,-126.49046,-120.90471,-479.416,-470.48666,-510.96094,-466.12503,-124.60089
-241.03561,-557.8945,-622.83093,-242.98532,-125.81097,-120.93907,-0.5108885,-126.80158,-252.20793,-124.02972
-254.97687,-361.75592,-475.4944,-715.47504,-122.757454,-119.41939,-125.147964,-0.30521864,-118.8645,-126.050705
-514.6427,-486.6513,-120.980354,-619.3837,-119.42673,-124.94015,-353.65753,-120.751785,-363.36624,-124.60868
-125.53527,-242.04063,-365.83508,-623.66895,-237.82777,-246.49849,-120.444305,-540.8529,-120.30421,-504.44806
-120.57012,-365.10065,-244.41528,-625.9323,-126.45902,-123.43919,-347.96744,-485.90488,-125.118034,-240.08766
-120.01776,-119.27611,-118.59503,-689.4041,-237.10677,-466.51163,-236.9202,-122.30583,-357.43848,-127.39038
-253.87376,-371.7266,-481.05862,-369.50293,-125.057365,-352.2471,-0.20710441,-246.58142,-493.45618,-125.60517
-509.76056,-238.10822,-121.87876,-535.73755,-359.8852,-348.75916,-491.48398,-240.51274,-125.39536,-125.101906
-119.030876,-490.5287,-482.73804,-591.0347,-485.46536,-479.0064,-346.53888,-486.84988,-122.47798,-492.22272
-1.0606755,-124.00824,-586.78754,-247.17177,-349.97928,-360.5158,-360.12747,-605.4464,-644.3307,-123.078415
-246.00584,-126.53849,-241.48677,-526.17566,-0.7964589,-0.39784035,-352.8683,-242.08694,-118.088844,-129.79184
-0.0925944,-512.9738,-485.55402,-790.8024,-119.92971,-119.431335,-494.69827,-238.78992,-234.3439,-614.90466
-352.32614,-125.653984,-125.04878,-121.36402,-367.1118,-122.09159,-358.8696,-120.38768,-125.41558,-125.83366
-481.32034,-362.7109,-474.32327,-364.4578,-123.85989,-481.59906,-121.75358,-119.05066,-509.1582,-124.19895
-125.80438,-482.381,-363.8058,-368.09717,-489.4904,-244.0834,-467.67252,-125.83825,-124.41852,-4.2050123
-119.228775,-355.12006,-242.47942,-369.24973,-378.58783,-120.7282,-482.88086,-120.50337,-119.86841,-122.25414
-480.61526,-492.73163,-121.39028,-123.08932,-615.2049,-473.10638,-126.04919,-120.631226,-127.95946,-240.08723
-118.16242,-233.5421,-124.14877,-124.40402,-123.07543,-355.3709,-611.74854,-123.999214,-605.96796,-122.37542
-126.00895,-120.566124,-506.9612,-245.06975,-123.654785,-119.51263,-240.00961,-124.87038,-1.3856224,-606.7523
-360.68402,-245.1234,-248.43974,-610.48773,-247.60422,-119.315056,-357.42957,-621.9639,-253.5247,-476.80182
-121.45514,-353.8067,-751.3711,-246.30678,-125.05567,-123.05456,-241.3511,-234.02744,-584.6771,-241.18578
-0.16163129,-244.92703,-122.392914,-366.309,-353.59183,-123.21033,-370.8557,-239.10767,-357.23703,-239.31866
-123.096924,-125.484856,-482.76276,-483.8601,-122.17441,-122.0005,-359.88742,-595.19073,-125.562416,-122.95168
-120.39994,-125.40937,-242.40584,-118.95088,-124.26533,-122.59769,-536.7464,-366.61133,-125.78505,-351.2085
-119.76971,-124.96911,-236.66263,-126.24627,-471.41504,-0.434506,-488.1818,-356.63593,-121.38628,-123.75515
-247.03893,-122.679565,-126.108,-122.6361,-476.14282,-122.572136,-572.29535,-117.85166,-585.26227,-588.24603
-500.38763,-235.2962,-244.2005,-121.69844,-124.69231,-124.61829,-241.49765,-353.97955,-122.44896,-4.1233897
-122.71236,-0.5568785,-671.6015,-123.81604,-124.99943,-120.24783,-119.001945,-356.9072,-1.0001367,-124.17465
-127.16026,-237.96364,-244.96877,-245.79915,-357.063,-126.614204,-0.28948858,-475.3498,-353.47757,-124.10236
-243.49396,-239.68192,-243.38875,-624.2043,-471.15918,-0.4021659,-243.09302,-0.3309455,-1.2563707,-591.24036
-122.93272,-0.48559424,-481.6619,-480.5103,-125.69083,-123.01011,-0.23581663,-242.4208,-125.73201,-125.21756
-119.11959,-242.90277,-248.52016,-697.8864,-479.34708,-599.8907,-482.94443,-121.93497,-467.4946,-577.62024
-125.35414,-355.9925,-120.976974,-124.75929,-354.09183,-234.53944,-350.7735,-125.58001,-358.73843,-528.5927
-124.50329,-0.41219646,-239.6557,-244.16527,-483.03214,-234.75177,-124.075134,-606.5032,-124.05569,-124.481705
-360.59216,-510.23203,-723.23254,-126.10964,-120.67376,-125.64989,-356.21182,-469.88968,-671.5569,-497.18658
-0.2992815,-0.5002621,-119.72865,-243.41049,-507.2988,-234.07983,-126.803535,-120.41339,-125.02773,-122.99532
-351.635,-122.83996,-238.81697,-634.44385,-633.107,-120.54786,-489.1112,-239.79526,-123.27016,-121.787315
-122.32024,-125.95418,-659.1068,-244.65787,-471.45428,-239.2917,-347.79944,-124.49819,-503.12048,-238.72183
-0.42814046,-122.3448,-608.6444,-124.47836,-124.46608,-125.00702,-122.25477,-122.17,-120.61335,-469.23984
-238.23567,-236.57907,-122.58333,-124.18817,-353.9033,-489.03687,-477.5821,-125.30976,-232.25285,-235.09094
-122.15686,-121.99379,-732.1761,-353.99268,-480.29752,-618.94617,-488.25854,-362.10837,-123.16333,-122.71029
-126.51226,-123.038,-120.31203,-249.31076,-119.112564,-122.32966,-122.56076,-120.52605,-123.42057,-667.69727
-475.533,-125.995026,-126.28341,-632.02954,-123.50169,-245.55559,-354.13754,-121.452095,-348.62216,-129.80862
-123.962036,-243.06328,-0.20271437,-126.5186,-238.50935,-125.78514,-361.63364,-480.63443,-121.715126,-235.30495
-125.40443,-119.05401,-240.38698,-358.23615,-239.4514,-360.61743,-123.51419,-125.024704,-241.74786,-130.37411
-485.77573,-475.58176,-359.9431,-741.16144,-1.0988799,-479.8473,-237.37115,-122.20898,-366.24335,-370.77682
-362.12476,-381.64127,-359.63275,-517.0089,-481.5778,-503.06488,-480.02896,-533.5118,-126.6601,-247.826
-612.3982,-472.46988,-640.3641,-478.7871,-367.929,-240.86667,-243.98009,-123.58243,-125.99855,-252.29272
-127.172386,-125.15249,-244.1206,-122.38588,-125.35619,-367.03033,-1.3540778,-234.13062,-0.9590041,-123.58092
-243.69478,-0.6439867,-241.34708,-245.57878,-354.45142,-0.40555158,-627.5485,-121.154915,-602.0122,-124.244316
-514.5146,-122.594955,-242.39905,-523.4269,-356.8648,-244.04208,-120.92778,-362.59354,-123.69653,-357.3064
-120.35576,-372.7695,-473.1152,-488.86996,-120.14047,-122.08361,-119.340744,-370.16776,-125.2321,-124.5072
-122.15736,-0.6409314,-605.47943,-549.30457,-119.62793,-237.28856,-124.61274,-478.16815,-122.30456,-367.13394
-231.59416,-244.103,-117.942604,-125.24312,-124.02238,-126.47453,-124.8573,-239.76395,-0.9629156,-238.02719
-353.52753,-374.75266,-0.17118941,-238.47258,-123.15302,-125.39212,-617.80383,-125.57699,-466.76328,-482.0954
-508.95264,-125.163994,-237.10449,-370.5594,-356.0269,-518.9275,-368.61057,-361.2158,-237.85197,-490.6658
-124.93518,-119.52598,-358.82278,-514.15826,-244.95717,-359.2447,-593.23785,-506.8955,-239.7448,-355.1718
-121.22183,-370.15796,-0.24299392,-125.77402,-121.354614,-123.545944,-2.2000985,-360.1278,-126.117065,-351.55887
-1.5680499,-374.66986,-242.11148,-0.27633724,-241.8206,-126.72394,-123.58836,-232.48183,-126.72014,-245.50597
-244.12216,-121.266884,-122.05909,-1108.3829,-123.091415,-241.0068,-360.12466,-126.7051,-126.22699,-361.39368
-125.09664,-625.6141,-486.39566,-483.10025,-244.0808,-496.00424,-122.55212,-238.43633,-573.23584,-124.31729
-123.13974,-373.83542,-591.1208,-120.0405,-1.3057325,-355.4206,-124.939674,-235.44464,-240.69608,-123.15559
-124.36599,-364.67123,-242.79344,-125.38198,-119.8431,-522.9578,-122.41399,-237.02367,-499.3204,-363.10672
-124.454666,-479.35718,-364.97348,-476.71677,-234.1067,-126.295204,-610.0092,-123.71893,-366.17633,-246.67125
-126.00308,-233.12505,-240.19722,-122.46388,-125.03019,-235.14677,-590.4983,-119.69696,-125.05988,-475.6135
-504.95718,-240.46198,-623.38306,-126.233246,-241.66202,-365.7507,-516.3104,-480.6278,-1.3838611,-127.14152
-583.32007,-606.33905,-480.63736,-247.25513,-352.06577,-233.58194,-129.27866,-465.5945,-124.53334,-482.46408
-119.316475,-238.07132,-363.51962,-123.200226,-121.40771,-124.02113,-245.58951,-356.2018,-120.35172,-125.31595
-122.54807,-120.76748,-245.0149,-121.119774,-123.402115,-121.97683,-651.46716,-126.75297,-244.1651,-250.79095
-475.77472,-358.8636,-533.21796,-125.27478,-124.952354,-0.80981827,-356.23425,-119.87276,-585.96277,-363.59863
-357.58417,-358.2057,-243.87633,-544.7864,-555.6756,-121.81813,-372.05933,-240.57779,-124.82992,-375.4404
-125.53994,-123.01954,-243.95111,-481.171,-125.935684,-117.69664,-240.6236,-124.75883,-126.99515,-235.88867
-365.25613,-124.76021,-692.72394,-487.7608,-359.32846,-126.22511,-488.90823,-0.7538414,-472.9144,-125.301605
-357.93793,-239.17986,-746.4976,-124.67132,-360.4986,-602.6158,-241.94633,-241.46184,-245.13747,-251.83823
-483.6122,-126.48937,-0.63266265,-248.94897,-495.2301,-484.11285,-476.79623,-121.61162,-128.17155,-363.37878
-120.884796,-233.92957,-242.36584,-606.8928,-363.91,-244.26888,-126.535484,-1.3431699,-351.48264,-127.01685
-496.96603,-497.10007,-242.74983,-237.6902,-126.56451,-124.25086,-121.287605,-125.85887,-363.61832,-366.57407
-574.4655,-121.89924,-476.94897,-372.62943,-126.4446,-626.1586,-475.23254,-547.02,-362.23218,-249.01413
-123.950745,-125.286835,-243.29361,-245.1296,-124.92856,-0.8830169,-242.3329,-0.7991444,-543.00867,-239.49263
-127.48207,-125.120964,-474.37183,-122.96678,-237.18059,-0.5305443,-119.57505,-235.34384,-241.69586,-242.08685
-124.4526,-125.76893,-248.03282,-1.8391348,-352.30856,-355.35388,-119.60895,-124.27705,-125.174194,-129.66469
-125.488655,-123.46207,-365.41794,-243.11635,-234.21294,-576.7122,-122.309135,-240.33127,-352.2666,-129.31573
-348.68304,-241.70708,-242.19879,-366.94366,-241.35785,-601.84045,-372.00763,-354.90146,-354.91833,-507.81598
-488.54092,-120.9149,-244.0385,-1.8532025,-123.02586,-121.82557,-247.3037,-126.17778,-363.42453,-245.7504
-236.19908,-125.54326,-354.5913,-240.88716,-124.31892,-245.69647,-121.160904,-358.51227,-242.91597,-242.14543
-360.77164,-359.5512,-245.26773,-241.66852,-119.43053,-123.70237,-118.43281,-614.8135,-125.29411,-475.77237
-503.27777,-516.1725,-122.819016,-618.2611,-122.88172,-360.1891,-490.94626,-1.6037996,-126.97606,-567.197
-124.239204,-126.897736,-0.25252774,-495.50632,-239.0918,-364.27817,-121.47505,-474.18564,-125.39109,-360.33078
-121.92795,-362.7299,-496.22162,-123.69475,-245.63959,-125.75267,-127.03043,-232.00423,-361.13013,-366.25473
-126.18418,-374.8535,-244.71231,-363.66995,-240.11572,-493.78995,-244.12437,-125.10528,-490.37387,-126.52959
-361.73233,-126.606865,-0.5581383,-124.25644,-484.35614,-126.59527,-238.78394,-234.23006,-466.31357,-129.29556
-234.9297,-121.25067,-481.36563,-241.89871,-244.18663,-242.21721,-125.81439,-125.59259,-356.8018,-252.54323
-125.22059,-600.38904,-369.09113,-567.03845,-126.25942,-119.93755,-602.6436,-478.90186,-245.8551,-700.68
-245.79836,-590.97955,-249.36447,-367.53702,-236.43341,-123.793816,-127.04665,-235.96387,-123.77337,-7.5492115
-238.17426,-495.64096,-243.02301,-124.89072,-354.80856,-358.7596,-368.88937,-125.872826,-242.55473,-352.7773
-578.9546,-124.40517,-615.01764,-127.340355,-238.92569,-524.5224,-246.12225,-529.829,-127.93271,-129.19186
-123.51119,-562.31415,-244.96455,-126.48056,-120.369255,-239.81256,-501.49414,-237.0421,-121.11059,-504.332
-122.2215,-118.37595,-0.25876418,-123.3262,-475.85785,-543.77057,-1.7990869,-354.67825,-3.2560453,-253.99113
-242.59058,-117.786606,-714.3393,-361.05835,-234.79518,-125.234375,-357.97128,-475.0459,-128.05687,-618.3617
-358.3284,-121.16392,-601.77344,-121.91895,-1.495528,-249.34532,-125.95081,-122.27352,-128.03569,-249.85005
-359.96112,-121.673744,-363.98285,-121.88014,-494.65875,-126.7597,-123.88938,-359.86487,-125.12866,-368.2443
-352.92032,-533.8927,-477.1962,-235.70746,-120.68676,-356.3525,-474.00864,-485.4481,-233.5382,-130.81981
-474.28235,-360.0273,-478.46487,-124.16709,-237.48393,-126.90822,-0.64034426,-120.22226,-121.11842,-693.896
-121.22584,-119.34852,-121.284035,-532.22504,-124.75956,-369.55856,-0.6811416,-119.7216,-480.12653,-127.7983
-125.86129,-125.55619,-126.23123,-631.04675,-120.05643,-242.75407,-1.1807622,-359.49728,-120.80306,-251.1367
-245.44345,-237.1811,-630.3232,-605.8291,-475.61655,-126.36528,-236.3291,-494.15085,-608.7356,-251.24544
-354.47714,-240.50569,-245.69621,-499.41998,-365.33014,-362.54324,-123.99014,-124.49525,-478.91907,-259.0295
-501.93137,-120.84083,-237.47214,-126.59745,-581.9986,-236.92154,-464.06134,-362.53326,-366.3985,-128.51315
-362.07028,-476.35547,-245.18324,-363.76526,-370.12308,-120.0931,-357.23697,-120.30767,-2.664497,-366.94043
-364.89752,-242.17633,-362.5501,-1.5072384,-545.37585,-358.96152,-477.14954,-241.53548,-610.17615,-251.69357
-238.98683,-123.03848,-123.36004,-245.10461,-120.04358,-125.719826,-235.00406,-364.73016,-359.49365,-4.4122486
-364.16742,-119.953606,-118.035736,-362.82257,-248.12926,-354.28964,-616.5905,-125.512505,-124.250885,-367.5996
-121.14689,-488.67215,-604.8092,-363.3777,-1.9048451,-121.92154,-125.61142,-124.96016,-502.45197,-124.389565
-589.59015,-374.65173,-123.54825,-123.82281,-2.2952292,-120.32325,-0.90469265,-125.299355,-480.28238,-127.95797
-354.43423,-3.2987077,-603.42786,-126.08543,-515.4625,-123.60344,-124.37853,-126.59411,-126.013115,-368.43588
-125.57566,-239.2832,-242.08553,-125.42315,-124.513985,-125.7611,-503.28543,-0.7904521,-238.82144,-247.64139
-355.33484,-357.95758,-245.39424,-482.89435,-236.23509,-120.55233,-127.562325,-247.17398,-372.2711,-362.8435
-236.03221,-635.4121,-238.57454,-538.263,-127.33728,-355.55365,-126.20713,-248.48816,-236.60776,-681.0336
-491.91037,-242.28618,-245.99362,-123.980644,-127.25686,-232.96083,-125.87361,-124.22103,-239.10059,-127.26604
-629.51935,-238.73663,-123.504585,-532.8823,-124.9328,-242.8992,-121.30483,-126.247246,-245.08281,-126.45162
-505.6418,-122.55768,-747.6223,-121.987366,-361.67044,-123.06813,-119.67297,-127.195625,-124.86438,-125.01087
-605.7941,-238.09657,-245.87271,-122.79805,-347.51083,-359.58945,-1.1582122,-124.725174,-121.30149,-2.544662
-121.46302,-127.354904,-244.1446,-127.15508,-127.813675,-245.59377,-121.20242,-238.50804,-123.36417,-236.16615
-575.12683,-493.5166,-122.00173,-243.31328,-123.21365,-479.9272,-125.96432,-354.2042,-244.96025,-484.7075
-123.24366,-493.78268,-122.22096,-124.677185,-241.05042,-356.9365,-243.94612,-122.78663,-124.66909,-126.46329
-127.32571,-479.56754,-749.2467,-124.64189,-124.98009,-126.11073,-126.38067,-350.8558,-241.49484,-246.2023
-616.431,-124.55899,-126.38375,-122.56807,-484.5799,-475.8605,-0.83614504,-1.0223013,-124.16222,-490.5345
-119.63004,-365.0825,-243.09941,-357.85056,-122.97305,-500.32056,-246.6499,-240.92813,-248.06055,-359.40967
-120.991196,-122.29539,-245.83025,-124.00364,-123.11287,-121.06188,-359.7863,-359.118,-1.9332515,-1.8513025
-123.282104,-122.52732,-238.60207,-357.74478,-244.7743,-122.773186,-120.06875,-242.41426,-237.02739,-1.6563514
-119.29038,-242.32143,-232.61949,-247.35252,-1.9787606,-126.90127,-127.096886,-121.34322,-124.32222,-125.4196
-0.6937053,-243.34717,-125.32115,-123.81446,-247.94987,-363.3035,-486.65555,-122.821106,-557.71,-355.54474
-357.9406,-356.32462,-0.4118361,-241.5375,-239.69698,-125.94197,-352.30466,-507.61993,-125.77696,-124.91485
-121.16695,-516.05963,-357.17633,-125.24539,-473.52557,-244.63663,-239.94704,-244.08334,-3.6551716,-247.14671
-491.11523,-487.40784,-248.52902,-498.34988,-363.13455,-241.15913,-119.23558,-121.34781,-362.63266,-126.38418
-243.59349,-0.2994903,-248.02084,-124.15677,-235.85979,-123.261375,-126.085014,-243.81885,-3.2059648,-240.47139
-123.64534,-122.1081,-351.02917,-126.315025,-126.79983,-604.8332,-495.4606,-120.289314,-3.2517753,-510.05182
-355.28738,-124.03901,-244.85997,-123.90105,-123.52916,-127.464836,-125.279045,-485.09604,-371.28976,-118.24823
-360.86044,-121.81801,-246.80254,-123.82492,-472.54657,-121.68125,-238.44429,-566.9092,-3.4635742,-0.76424325
-124.830185,-499.67548,-607.03217,-358.4522,-487.12207,-481.955,-512.8522,-121.39511,-127.72605,-369.00363
-236.6861,-476.84415,-122.404526,-237.91486,-120.82281,-122.62844,-120.459816,-126.73843,-237.33372,-121.651054
-593.0763,-518.40906,-123.03329,-356.64902,-605.7566,-126.423584,-125.99945,-495.49603,-361.50098,-349.20493
-235.45746,-240.77571,-0.3936448,-365.19785,-2.092472,-1.9979651,-0.7875711,-122.52968,-123.85925,-246.6607
-126.61242,-123.30025,-243.96681,-489.0073,-118.59708,-514.5525,-369.29205,-124.1058,-246.03188,-124.02012
-482.92255,-1.3415866,-361.73224,-237.37057,-123.28448,-124.540215,-239.54913,-124.65364,-124.822685,-123.59405
-120.95847,-123.30235,-122.63566,-1.4164743,-351.98322,-360.0684,-119.92999,-123.54413,-124.68935,-124.58746
-122.78139,-247.31866,-240.41655,-122.882324,-350.34192,-123.72785,-571.8125,-356.37668,-122.968216,-479.65216
-124.38816,-121.435455,-0.6679892,-592.23627,-475.24963,-126.37453,-125.83551,-488.39798,-128.9936,-124.63649
-358.45984,-234.96335,-475.08176,-536.46643,-473.90366,-124.39835,-123.752266,-495.09793,-237.63992,-125.861496
-243.43475,-127.09087,-496.44623,-125.82959,-238.01411,-483.69736,-0.28736854,-616.43494,-365.15082,-2.091782
-614.23676,-123.08231,-121.63985,-123.932785,-361.75958,-126.00028,-487.41092,-468.83115,-245.4065,-123.5975
-124.17576,-121.09725,-126.16263,-125.13179,-357.6046,-486.01953,-125.751625,-367.9162,-129.28398,-123.44272
-125.60623,-504.16394,-365.72113,-123.381134,-238.1055,-682.84186,-125.584,-125.1642,-367.35056,-473.2181
-544.7469,-121.88216,-247.36191,-125.8666,-127.10825,-236.7903,-239.08446,-238.27359,-129.05937,-124.21194
-121.25245,-355.6527,-1.2384626,-126.94361,-244.74013,-127.11177,-125.59238,-612.9856,-241.90744,-126.38624
-126.30354,-125.24126,-474.37396,-125.53155,-470.093,-125.69498,-121.72245,-498.95294,-368.57132,-0.753239
-491.5391,-119.969765,-245.53986,-591.47327,-235.79141,-516.11774,-356.00272,-242.62976,-127.26258,-361.4942
-359.15088,-558.6688,-357.00113,-507.3107,-122.00527,-356.4266,-358.8446,-125.70592,-129.34909,-241.91525
-126.06157,-127.1926,-495.4603,-244.25291,-364.09756,-2.7544715,-366.43854,-1.0666308,-177.56694,-124.10241
-123.81136,-122.868195,-245.53267,-126.31724,-656.23553,-540.93146,-125.64775,-598.0913,-128.34348,-127.060844
-359.34293,-474.15042,-119.406425,-124.04155,-125.99091,-127.38691,-366.9398,-480.39536,-129.85623,-241.24046
-352.8013,-361.90842,-234.64224,-120.44068,-126.6305,-120.79135,-374.1135,-123.35506,-364.9071,-122.68123
-122.42948,-125.55353,-250.67514,-123.1169,-522.78546,-239.32718,-126.13604,-124.45448,-127.0656,-232.59294
-0.5740862,-123.310425,-127.434105,-126.69927,-122.31782,-2.2084353,-119.66288,-359.2575,-128.4462,-242.71819
-610.02,-124.330444,-479.662,-124.34484,-2.0784936,-2.428482,-354.47046,-237.58963,-5.4325476,-124.03308
-237.3821,-362.2863,-692.411,-123.490944,-126.35762,-355.2252,-120.941124,-124.63479,-129.7144,-246.63116
-120.426186,-126.14034,-247.34827,-2.517789,-124.8618,-122.26431,-126.40654,-124.047005,-365.49442,-0.47342846
-122.962364,-549.03796,-121.10111,-125.13087,-120.49919,-123.39598,-123.916435,-124.609215,-476.14676,-122.80579
-360.02383,-125.75944,-243.6878,-245.24251,-482.75296,-124.81193,-122.38184,-364.7299,-537.51447,-119.581924
-124.37786,-124.104095,-250.88441,-246.27222,-362.05386,-460.72348,-486.38608,-125.61031,-361.55698,-359.6231
-240.20247,-372.27103,-481.83243,-236.91621,-120.34983,-245.26285,-610.0039,-123.756546,-522.55133,-354.53345
-121.128914,-246.36705,-487.92596,-357.34058,-476.67783,-237.1684,-365.67334,-124.84203,-238.61407,-122.33353
-121.85094,-1.6974181,-482.5351,-368.13132,-122.84363,-123.5611,-128.61197,-1.8849509,-244.10777,-0.6192313
-125.90021,-125.560745,-125.78832,-472.1896,-360.05914,-368.33475,-124.62612,-244.07622,-358.51218,-125.05379
-239.12772,-518.9977,-121.341034,-605.61176,-123.21762,-124.985504,-122.98354,-119.92956,-127.27573,-498.5831
-126.859146,-121.08112,-125.70045,-611.2155,-123.57629,-126.86554,-126.61164,-238.70131,-125.45797,-118.79164
-232.71988,-240.9619,-356.31335,-357.07843,-245.35011,-121.17058,-246.38725,-122.58033,-122.478195,-365.0574
-486.0688,-244.30707,-232.45995,-356.93405,-245.05685,-236.9042,-125.63279,-125.728355,-244.2902,-119.370705
-119.7196,-359.80408,-617.3055,-243.60924,-125.809006,-365.11743,-490.1159,-481.7219,-126.32504,-124.78942
-608.04224,-487.8362,-120.29095,-126.44775,-500.74722,-485.17053,-125.33946,-120.66344,-127.672295,-360.2454
-368.44543,-123.21293,-488.0785,-124.273834,-245.71591,-631.59033,-246.25037,-363.15723,-371.96967,-357.10895
-120.69777,-474.24203,-123.876595,-124.42151,-467.3072,-491.92462,-125.86913,-119.36017,-242.74693,-501.22256
-360.11835,-361.0143,-244.66985,-603.66266,-366.0678,-615.00635,-126.7901,-120.40021,-239.97803,-243.56854
-119.263664,-239.51208,-364.1587,-125.00247,-483.8362,-368.96768,-127.42358,-233.49612,-244.43077,-120.93982
-124.26572,-362.04352,-358.1601,-122.80493,-238.7993,-352.5222,-498.38678,-126.17995,-127.201096,-234.94406
-363.08905,-617.79987,-249.37042,-247.68575,-242.86343,-122.87444,-126.617294,-125.83974,-356.87994,-121.76752
-124.27797,-125.37609,-245.36588,-123.67853,-489.16827,-499.20178,-356.30707,-352.39905,-128.02628,-245.02809
-124.01668,-122.023094,-248.98438,-123.20751,-122.376656,-120.695755,-536.4484,-121.83882,-239.62042,-119.992096
-361.2848,-123.717354,-481.77914,-475.95285,-122.75168,-125.419754,-531.19403,-1.5710611,-128.41261,-125.514175
-119.38502,-368.8805,-482.5435,-355.78485,-482.23685,-123.28702,-572.25806,-588.92554,-244.28502,-121.799644
-243.17395,-502.3669,-357.9672,-120.75511,-239.91397,-365.29242,-476.9103,-125.46312,-3.2557793,-125.16334
-476.66156,-515.9055,-356.23746,-364.09656,-127.097244,-353.42657,-0.31708696,-120.7648,-127.84732,-361.46396
-121.14739,-619.685,-509.05093,-353.1452,-125.72993,-122.376144,-241.03336,-1.8227553,-475.05334,-125.61853
-357.14902,-354.97214,-233.88222,-244.16951,-351.7476,-122.69823,-125.59294,-478.1553,-238.62273,-0.59759074
-243.78323,-126.29737,-363.98602,-120.97647,-349.4189,-123.34238,-523.7091,-243.61479,-122.082375,-122.94568
-125.01238,-122.82466,-509.84833,-0.576896,-124.07912,-473.78964,-355.53085,-239.04567,-128.50468,-235.13503
-121.364944,-476.13354,-250.9797,-123.20007,-123.50722,-241.09999,-495.3901,-238.34692,-128.02847,-123.09712
-122.30392,-236.47513,-127.227715,-124.77206,-239.84735,-127.44338,-235.3178,-1.7234769,-125.32355,-235.858
-241.14719,-369.43015,-364.37207,-242.22594,-119.96057,-127.25299,-244.12149,-524.9649,-238.81677,-120.66144
-119.511185,-238.08485,-247.67537,-498.26556,-495.05707,-2.339539,-121.146194,-122.616165,-491.96426,-482.63733
-364.08417,-479.50406,-482.89975,-124.263885,-126.62508,-357.96136,-497.21924,-127.86062,-371.42282,-0.5580012
-0.9081729,-124.93781,-0.81223714,-243.65218,-239.19757,-125.11866,-354.51797,-501.43176,-480.60797,-124.92693
-126.59454,-470.00912,-360.7896,-490.16888,-470.87766,-249.12141,-239.12521,-242.92033,-123.582695,-126.32729
-609.00903,-360.71115,-359.82278,-356.68243,-122.917114,-2.8002093,-358.38544,-1.4222145,-359.4188,-480.80804
-366.25476,-122.41049,-0.97607124,-237.00114,-1.3345795,-121.092186,-124.63508,-236.57426,-132.37032,-632.3791
-124.68357,-122.65343,-120.569016,-122.064644,-123.90129,-2.386668,-617.8973,-122.611084,-235.70645,-1.0589052
-350.70947,-565.22974,-367.94785,-123.03563,-120.53121,-367.44797,-244.07474,-126.83467,-127.89961,-354.49707
-360.24036,-128.14183,-494.02377,-564.11206,-118.44763,-120.252655,-243.48885,-1.4268347,-125.26726,-125.77645
-239.10892,-532.8227,-245.64914,-368.67755,-1.4006953,-125.4675,-242.72568,-352.70306,-371.24008,-125.18442
-467.74057,-249.91254,-616.4586,-509.77597,-125.74644,-126.14912,-357.38873,-477.64154,-130.34006,-474.94324
-478.12115,-249.98865,-358.02972,-124.890755,-235.78313,-363.4951,-508.33252,-243.19315,-495.54974,-126.82249
-121.11024,-373.9373,-126.105865,-120.99869,-235.64648,-127.31874,-123.46588,-576.28107,-126.72713,-120.78546
-123.81548,-129.55444,-627.14197,-125.13747,-241.74995,-124.06316,-126.49906,-124.52502,-125.80053,-123.88608
-361.9153,-127.7845,-250.35661,-358.68298,-609.85736,-361.70947,-128.21507,-467.37976,-4.563585,-123.00323
-122.25281,-236.55357,-667.68774,-125.9084,-123.69106,-123.68989,-234.84871,-242.80241,-374.31973,-126.76503
-0.97524184,-122.71125,-603.97614,-478.58463,-123.915855,-122.64783,-123.03303,-600.50635,-126.69543,-550.8321
-126.77656,-124.16884,-491.40176,-249.00735,-1.7960514,-598.9335,-474.25537,-488.41333,-248.03624,-123.72313
-123.799995,-125.59878,-233.64587,-359.404,-126.62823,-364.24347,-4.473229,-1.2497697,-518.2204,-126.61209
-240.25043,-3.9950407,-125.95848,-0.7608714,-120.16451,-482.82758,-126.96414,-240.69705,-503.4299,-120.87167
-122.46197,-128.36089,-353.76505,-120.83752,-124.64887,-363.7826,-368.31772,-580.30444,-484.1886,-125.79452
-122.68537,-378.5938,-248.4631,-242.77365,-124.16783,-127.307045,-123.35431,-121.505844,-253.01263,-118.608246
-358.9956,-126.62517,-122.32646,-122.74817,-126.46715,-126.949356,-476.06616,-126.86718,-369.0568,-477.81604
-643.7566,-477.0438,-1.7325851,-125.58165,-125.86475,-121.441895,-238.45863,-242.08409,-125.73742,-503.33414
-353.56744,-129.08833,-248.63228,-120.411995,-2.344212,-122.29156,-127.01105,-126.25512,-494.285,-495.54758
-1.1117487,-509.74387,-602.3175,-239.46655,-120.61054,-359.59143,-4.184218,-482.77222,-121.59697,-504.2679
-120.06941,-610.57074,-246.06578,-372.66864,-488.12704,-127.031166,-469.71542,-241.58939,-124.50469,-123.65236
-670.1498,-249.07747,-238.34602,-245.47572,-125.62594,-123.18793,-128.72972,-121.71474,-126.04826,-366.02466
-125.56437,-245.50227,-249.74226,-120.551384,-126.84938,-123.95898,-124.28603,-1.2293193,-126.668,-0.541044
-233.38177,-123.69723,-0.540824,-0.2107973,-239.32054,-126.18549,-373.94992,-359.9759,-126.6991,-119.58577
-373.41852,-370.1906,-361.00717,-126.29832,-496.42728,-122.83147,-122.67839,-489.93253,-242.4032,-127.087326
-126.79897,-124.79943,-249.81337,-595.6582,-123.572174,-124.83487,-620.566,-126.284904,-247.27386,-124.707664
-236.52014,-125.82765,-356.211,-249.13992,-372.46902,-124.64517,-363.66284,-124.797966,-127.55364,-238.2777
-1.0027843,-518.17993,-249.1876,-120.58941,-123.70869,-239.67383,-360.07437,-0.9135261,-126.67333,-519.869
-495.4478,-124.12093,-478.62213,-593.62244,-351.0088,-495.8681,-129.54637,-368.9884,-485.181,-124.33718
-246.49019,-995.1339,-475.37347,-471.89737,-480.1362,-122.77634,-617.7976,-239.09564,-129.65118,-487.35873
-234.4656,-5.268345,-363.71613,-119.769066,-126.14574,-126.34243,-505.6512,-614.55054,-128.43689,-124.178246
-124.655396,-251.19458,-363.94388,-609.61115,-377.1919,-243.4324,-127.02711,-349.44077,-363.2936,-124.054855
-124.18367,-126.69366,-125.3212,-240.59283,-126.231674,-126.19822,-125.39605,-521.5564,-129.63351,-120.64567
-0.6001315,-126.230515,-120.104065,-123.317604,-120.033104,-123.64602,-468.02948,-502.63446,-553.7254,-123.11064
-126.07838,-240.25278,-126.045784,-123.7218,-121.13795,-2.9000185,-238.26949,-239.81593,-251.0609,-125.25699
-609.8163,-126.96838,-247.5505,-489.9778,-541.76605,-2.5928743,-470.41367,-478.0308,-243.25978,-374.20755
-242.33377,-360.83295,-243.64314,-361.3933,-368.85907,-121.43364,-497.12817,-123.92762,-125.69907,-474.76593
-242.31706,-128.59077,-123.97587,-123.62974,-238.90724,-127.93048,-128.18022,-126.00301,-126.031395,-124.1058
-0.6115152,-561.67426,-377.80127,-359.51297,-127.22018,-124.3149,-511.21823,-243.48346,-4.29602,-367.14264
-240.87135,-123.58009,-538.9922,-0.4527836,-122.42156,-124.197,-472.12994,-523.87195,-127.30793,-125.88689
-603.3061,-495.7036,-248.28168,-122.90844,-0.69791764,-123.52899,-354.79248,-494.53415,-128.8375,-120.76753
-366.5301,-244.69398,-251.4004,-124.86011,-120.76709,-573.2956,-122.83419,-124.700386,-350.8892,-600.64966
-123.79007,-126.497284,-366.58508,-124.93536,-499.53488,-127.61245,-122.79853,-123.96671,-240.8347,-245.22652
-126.08018,-245.45789,-121.79969,-243.7084,-120.70419,-126.327354,-507.81915,-239.61328,-482.74792,-119.037056
-126.79954,-128.03778,-0.85956985,-245.8518,-239.68079,-577.06335,-244.63965,-485.93506,-128.54265,-488.93774
-236.59746,-502.42468,-243.20836,-553.14594,-123.059944,-363.2148,-129.45724,-243.23383,-357.9971,-119.68106
-241.92555,-495.96408,-119.66114,-473.67847,-122.52096,-127.29846,-130.24014,-233.72627,-243.20825,-243.798
-476.86026,-128.03249,-615.60986,-125.78385,-568.5202,-355.90588,-486.66125,-122.35868,-360.58136,-126.86683
-623.2497,-247.64578,-369.27182,-359.05975,-241.4578,-123.65515,-498.87628,-1.168013,-484.16608,-126.0262
-0.9103765,-369.47974,-122.44636,-362.61328,-126.0787,-123.29323,-255.52547,-536.26776,-354.68344,-124.16295
-122.03345,-126.25394,-484.24734,-2.2090359,-352.89383,-126.54942,-126.04896,-497.27005,-480.9341,-596.85876
-0.6435725,-121.518486,-248.4734,-358.7366,-122.48047,-123.93721,-130.3072,-123.288025,-499.98874,-368.7475
-125.800896,-356.5801,-244.9937,-547.2651,-123.97398,-125.0199,-129.92062,-123.50236,-483.9316,-242.89517
-123.25702,-236.78677,-356.68747,-463.14716,-245.31337,-371.43164,-461.38943,-124.0867,-623.8499,-367.79523
-371.51477,-126.46238,-686.4709,-239.24628,-124.426254,-127.75189,-365.28345,-499.66205,-358.43225,-120.831924
-244.34091,-243.21829,-250.13652,-122.12974,-652.59766,-2.933799,-247.52766,-368.44666,-123.68158,-359.3709
-121.16239,-123.10667,-753.4568,-497.4976,-236.90158,-127.160484,-123.02114,-1.9653454,-363.79208,-477.50952
-472.6332,-122.49083,-121.89267,-124.2184,-126.18155,-514.31006,-237.90858,-128.45557,-245.82173,-123.01457
-574.36176,-481.26904,-126.66706,-362.58823,-121.348206,-358.59747,-352.62738,-2.1205144,-129.69194,-239.14807
-121.570015,-243.39122,-125.41767,-368.60318,-240.60953,-123.39614,-128.7326,-241.99416,-238.7556,-119.04055
-359.9969,-123.8555,-244.85478,-370.27957,-616.92285,-121.59125,-254.447,-124.21224,-127.79723,-246.0851
-120.5638,-119.245705,-242.45703,-240.02878,-358.71762,-243.45264,-535.5511,-476.75275,-126.753914,-232.7098
-240.86378,-1.2316258,-707.3756,-235.76416,-125.05179,-126.2131,-468.54138,-2.0401108,-558.48785,-563.7143
-121.42374,-126.23419,-243.53915,-123.79751,-118.35596,-239.41725,-487.07425,-238.66107,-668.39703,-239.88829
-120.27243,-0.7266431,-476.5729,-591.37195,-121.02914,-482.70016,-356.8649,-2.3259377,-245.22119,-124.42716
-126.445404,-117.9745,-481.52246,-359.32254,-242.22939,-128.15105,-241.79219,-608.6526,-238.88187,-706.25336
-350.40744,-120.949905,-121.59803,-484.04492,-240.29596,-124.936195,-476.40186,-122.03181,-488.48282,-543.65375
-127.25998,-121.58143,-240.36502,-242.85507,-521.7571,-127.10067,-125.96396,-351.37552,-503.15836,-121.62944
-364.49484,-600.4964,-124.40152,-243.74498,-119.88122,-473.32272,-122.61767,-2.3227992,-608.29205,-489.28397
-123.89911,-478.45502,-124.028175,-358.8965,-234.019,-356.33282,-131.54118,-352.14352,-489.56146,-126.23232
-355.46188,-123.08336,-125.59061,-238.29631,-364.37292,-241.99193,-371.65405,-477.1835,-254.7197,-357.56363
-585.1446,-236.7137,-369.01837,-122.23241,-348.86487,-362.13968,-485.44998,-358.88995,-126.656586,-125.96082
-126.98103,-121.18179,-125.49191,-358.65686,-123.24296,-121.570145,-126.2289,-477.72092,-242.58102,-123.40563
-122.19554,-361.65842,-242.9529,-354.21564,-353.4151,-123.10403,-251.3237,-124.72269,-125.400154,-245.82341
-125.81158,-524.0709,-124.14755,-125.588234,-123.60627,-366.26495,-366.2157,-2.2687054,-370.19458,-356.77805
-367.26648,-365.63193,-486.14755,-355.89355,-586.37,-238.52216,-127.92667,-349.6538,-127.98881,-557.84906
-121.32695,-121.2054,-119.93014,-243.2885,-553.34247,-240.63936,-6.845248,-357.46112,-358.70746,-121.17221
-121.219124,-369.7235,-123.11121,-356.38162,-125.82656,-353.02435,-130.48914,-123.81896,-479.2035,-120.8723
-0.38045117,-119.92657,-240.47054,-358.57465,-124.25473,-125.09232,-539.55896,-241.30908,-126.748184,-360.71484
-372.19333,-362.0669,-242.76396,-239.13457,-125.28545,-3.0538595,-558.4838,-487.6824,-126.6553,-124.16721
-122.61085,-121.597275,-119.27655,-601.346,-120.864975,-127.872925,-125.84849,-125.09437,-245.4807,-121.885895
